YEAR,PCT_ASSOC_DEG_PLUS,ACTUAL_OR_TARGET
2012,43.0216036009905,Actual
2013,43.43303457106274,Actual
2014,44.38721661892784,Actual
2015,44.51898942823025,Actual
2016,45.67668050939664,Actual
2017,46.11070340356564,Actual
2018,47.04096102643227,Actual
2019,48.0139938815617,Actual
2021,49.52815385138799,Actual
2022,49.930368049687054,Actual
